k,reference,load,y_before,duty,y_after,integral,derivative
0,0,0,0,0,0,0,0
1,0,0,0,0,0,0,0
2,0,0,0,0,0,0,0
3,0,0,0,0,0,0,0
4,0,0,0,0,0,0,0
5,0,0,0,0,0,0,0
6,0,0,0,0,0,0,0
7,0,0,0,0,0,0,0
8,0,0,0,0,0,0,0
9,0,0,0,0,0,0,0
10,0,0,0,0,0,0,0
11,0,0,0,0,0,0,0
12,0,0,0,0,0,0,0
13,0,0,0,0,0,0,0
14,0,0,0,0,0,0,0
15,0,0,0,0,0,0,0
16,0,0,0,0,0,0,0
17,0,0,0,0,0,0,0
18,0,0,0,0,0,0,0
19,0,0,0,0,0,0,0
20,2458,0,0,2359,153,147,0
21,2458,0,153,2359,297,285,38
22,2458,0,297,2358,431,414,64
23,2458,0,431,2359,556,535,81
24,2458,0,556,2360,673,649,92
25,2458,0,673,2362,783,756,98
26,2458,0,783,2363,886,856,101
27,2458,0,886,2364,982,950,101
28,2458,0,982,2366,1072,1038,99
29,2458,0,1072,2368,1156,1121,96
30,2458,0,1156,2370,1235,1199,93
31,2458,0,1235,2372,1309,1272,89
32,2458,0,1309,2374,1378,1340,85
33,2458,0,1378,2375,1443,1404,81
34,2458,0,1443,2377,1503,1464,77
35,2458,0,1503,2380,1560,1521,72
36,2458,0,1560,2382,1613,1574,68
37,2458,0,1613,2384,1663,1624,64
38,2458,0,1663,2386,1710,1671,60
39,2458,0,1710,2388,1754,1715,56
40,2458,0,1754,2390,1795,1757,53
41,2458,0,1795,2392,1833,1796,50
42,2458,0,1833,2395,1869,1833,47
43,2458,0,1869,2398,1903,1868,44
44,2458,0,1903,2400,1935,1901,41
45,2458,0,1935,2402,1965,1932,38
46,2458,0,1965,2404,1993,1961,36
47,2458,0,1993,2406,2019,1988,34
48,2458,0,2019,2409,2044,2014,32
49,2458,0,2044,2410,2067,2038,30
50,2458,0,2067,2412,2089,2061,28
51,2458,0,2089,2415,2110,2083,26
52,2458,0,2110,2416,2129,2103,24
53,2458,0,2129,2418,2147,2122,22
54,2458,0,2147,2419,2164,2140,21
55,2458,0,2164,2421,2180,2157,20
56,2458,0,2180,2423,2195,2173,19
57,2458,0,2195,2424,2209,2188,18
58,2458,0,2209,2426,2223,2202,17
59,2458,0,2223,2427,2236,2216,16
60,2458,0,2236,2428,2248,2229,15
61,2458,0,2248,2429,2259,2241,14
62,2458,0,2259,2431,2270,2252,13
63,2458,0,2270,2432,2280,2263,12
64,2458,0,2280,2433,2289,2273,11
65,2458,0,2289,2435,2298,2283,10
66,2458,0,2298,2435,2306,2292,9
67,2458,0,2306,2437,2314,2301,8
68,2458,0,2314,2438,2322,2309,8
69,2458,0,2322,2439,2329,2317,8
70,2458,0,2329,2440,2336,2324,7
71,2458,0,2336,2440,2342,2331,7
72,2458,0,2342,2441,2348,2337,6
73,2458,0,2348,2441,2354,2343,6
74,2458,0,2354,2442,2359,2349,6
75,2458,0,2359,2443,2364,2354,5
76,2458,0,2364,2443,2369,2359,5
77,2458,0,2369,2444,2373,2364,5
78,2458,0,2373,2445,2377,2369,4
79,2458,0,2377,2445,2381,2373,4
80,2458,0,2381,2446,2385,2377,4
81,2458,0,2385,2446,2388,2381,4
82,2458,0,2388,2447,2391,2385,3
83,2458,0,2391,2449,2394,2389,3
84,2458,0,2394,2449,2397,2392,3
85,2458,0,2397,2449,2400,2395,3
86,2458,0,2400,2450,2403,2398,3
87,2458,0,2403,2450,2406,2401,3
88,2458,0,2406,2450,2408,2404,3
89,2458,0,2408,2450,2410,2406,2
90,2458,0,2410,2451,2412,2408,2
91,2458,0,2412,2451,2414,2410,2
92,2458,0,2414,2451,2416,2412,2
93,2458,0,2416,2451,2418,2414,2
94,2458,0,2418,2451,2420,2416,2
95,2458,0,2420,2452,2422,2418,2
96,2458,0,2422,2452,2423,2420,2
97,2458,0,2423,2453,2424,2422,1
98,2458,0,2424,2454,2425,2424,1
99,2458,0,2425,2454,2426,2425,1
100,2458,0,2426,2454,2427,2426,1
101,2458,0,2427,2454,2428,2427,1
102,2458,0,2428,2454,2429,2428,1
103,2458,0,2429,2455,2430,2429,1
104,2458,0,2430,2455,2431,2430,1
105,2458,0,2431,2455,2432,2431,1
106,2458,0,2432,2455,2433,2432,1
107,2458,0,2433,2455,2434,2433,1
108,2458,0,2434,2455,2435,2434,1
109,2458,0,2435,2455,2436,2435,1
110,2458,0,2436,2455,2437,2436,1
111,2458,0,2437,2455,2438,2437,1
112,2458,0,2438,2455,2439,2438,1
113,2458,0,2439,2456,2440,2439,1
114,2458,0,2440,2456,2441,2440,1
115,2458,0,2441,2456,2441,2441,1
116,2458,0,2441,2457,2442,2442,0
117,2458,0,2442,2456,2442,2442,0
118,2458,0,2442,2456,2442,2442,0
119,2458,0,2442,2456,2442,2442,0
120,2458,0,2442,2456,2442,2442,0
121,2458,0,2442,2456,2442,2442,0
122,2458,0,2442,2456,2442,2442,0
123,2458,0,2442,2456,2442,2442,0
124,2458,0,2442,2456,2442,2442,0
125,2458,0,2442,2456,2442,2442,0
126,2458,0,2442,2456,2442,2442,0
127,2458,0,2442,2456,2442,2442,0
128,2458,0,2442,2456,2442,2442,0
129,2458,0,2442,2456,2442,2442,0
130,2458,0,2442,2456,2442,2442,0
131,2458,0,2442,2456,2442,2442,0
132,2458,0,2442,2456,2442,2442,0
133,2458,0,2442,2456,2442,2442,0
134,2458,0,2442,2456,2442,2442,0
135,2458,0,2442,2456,2442,2442,0
136,2458,0,2442,2456,2442,2442,0
137,2458,0,2442,2456,2442,2442,0
138,2458,0,2442,2456,2442,2442,0
139,2458,0,2442,2456,2442,2442,0
140,2458,0,2442,2456,2442,2442,0
141,2458,0,2442,2456,2442,2442,0
142,2458,0,2442,2456,2442,2442,0
143,2458,0,2442,2456,2442,2442,0
144,2458,0,2442,2456,2442,2442,0
145,2458,0,2442,2456,2442,2442,0
146,2458,0,2442,2456,2442,2442,0
147,2458,0,2442,2456,2442,2442,0
148,2458,0,2442,2456,2442,2442,0
149,2458,0,2442,2456,2442,2442,0
150,2458,0,2442,2456,2442,2442,0
151,2458,0,2442,2456,2442,2442,0
152,2458,0,2442,2456,2442,2442,0
153,2458,0,2442,2456,2442,2442,0
154,2458,0,2442,2456,2442,2442,0
155,2458,0,2442,2456,2442,2442,0
156,2458,0,2442,2456,2442,2442,0
157,2458,0,2442,2456,2442,2442,0
158,2458,0,2442,2456,2442,2442,0
159,2458,0,2442,2456,2442,2442,0
160,2458,0,2442,2456,2442,2442,0
161,2458,0,2442,2456,2442,2442,0
162,2458,0,2442,2456,2442,2442,0
163,2458,0,2442,2456,2442,2442,0
164,2458,0,2442,2456,2442,2442,0
165,2458,0,2442,2456,2442,2442,0
166,2458,0,2442,2456,2442,2442,0
167,2458,0,2442,2456,2442,2442,0
168,2458,0,2442,2456,2442,2442,0
169,2458,0,2442,2456,2442,2442,0
170,2458,0,2442,2456,2442,2442,0
171,2458,0,2442,2456,2442,2442,0
172,2458,0,2442,2456,2442,2442,0
173,2458,0,2442,2456,2442,2442,0
174,2458,0,2442,2456,2442,2442,0
175,2458,0,2442,2456,2442,2442,0
176,2458,0,2442,2456,2442,2442,0
177,2458,0,2442,2456,2442,2442,0
178,2458,0,2442,2456,2442,2442,0
179,2458,0,2442,2456,2442,2442,0
180,2458,0,2442,2456,2442,2442,0
181,2458,0,2442,2456,2442,2442,0
182,2458,0,2442,2456,2442,2442,0
183,2458,0,2442,2456,2442,2442,0
184,2458,0,2442,2456,2442,2442,0
185,2458,0,2442,2456,2442,2442,0
186,2458,0,2442,2456,2442,2442,0
187,2458,0,2442,2456,2442,2442,0
188,2458,0,2442,2456,2442,2442,0
189,2458,0,2442,2456,2442,2442,0
190,2458,0,2442,2456,2442,2442,0
191,2458,0,2442,2456,2442,2442,0
192,2458,0,2442,2456,2442,2442,0
193,2458,0,2442,2456,2442,2442,0
194,2458,0,2442,2456,2442,2442,0
195,2458,0,2442,2456,2442,2442,0
196,2458,0,2442,2456,2442,2442,0
197,2458,0,2442,2456,2442,2442,0
198,2458,0,2442,2456,2442,2442,0
199,2458,0,2442,2456,2442,2442,0
200,2458,0,2442,2456,2442,2442,0
201,2458,0,2442,2456,2442,2442,0
202,2458,0,2442,2456,2442,2442,0
203,2458,0,2442,2456,2442,2442,0
204,2458,0,2442,2456,2442,2442,0
205,2458,0,2442,2456,2442,2442,0
206,2458,0,2442,2456,2442,2442,0
207,2458,0,2442,2456,2442,2442,0
208,2458,0,2442,2456,2442,2442,0
209,2458,0,2442,2456,2442,2442,0
210,2458,0,2442,2456,2442,2442,0
211,2458,0,2442,2456,2442,2442,0
212,2458,0,2442,2456,2442,2442,0
213,2458,0,2442,2456,2442,2442,0
214,2458,0,2442,2456,2442,2442,0
215,2458,0,2442,2456,2442,2442,0
216,2458,0,2442,2456,2442,2442,0
217,2458,0,2442,2456,2442,2442,0
218,2458,0,2442,2456,2442,2442,0
219,2458,0,2442,2456,2442,2442,0
220,2458,0,2442,2456,2442,2442,0
221,2458,0,2442,2456,2442,2442,0
222,2458,0,2442,2456,2442,2442,0
223,2458,0,2442,2456,2442,2442,0
224,2458,0,2442,2456,2442,2442,0
225,2458,0,2442,2456,2442,2442,0
226,2458,0,2442,2456,2442,2442,0
227,2458,0,2442,2456,2442,2442,0
228,2458,0,2442,2456,2442,2442,0
229,2458,0,2442,2456,2442,2442,0
230,2458,0,2442,2456,2442,2442,0
231,2458,0,2442,2456,2442,2442,0
232,2458,0,2442,2456,2442,2442,0
233,2458,0,2442,2456,2442,2442,0
234,2458,0,2442,2456,2442,2442,0
235,2458,0,2442,2456,2442,2442,0
236,2458,0,2442,2456,2442,2442,0
237,2458,0,2442,2456,2442,2442,0
238,2458,0,2442,2456,2442,2442,0
239,2458,0,2442,2456,2442,2442,0
240,2458,0,2442,2456,2442,2442,0
241,2458,0,2442,2456,2442,2442,0
242,2458,0,2442,2456,2442,2442,0
243,2458,0,2442,2456,2442,2442,0
244,2458,0,2442,2456,2442,2442,0
245,2458,0,2442,2456,2442,2442,0
246,2458,0,2442,2456,2442,2442,0
247,2458,0,2442,2456,2442,2442,0
248,2458,0,2442,2456,2442,2442,0
249,2458,0,2442,2456,2442,2442,0
250,2458,0,2442,2456,2442,2442,0
251,2458,0,2442,2456,2442,2442,0
252,2458,0,2442,2456,2442,2442,0
253,2458,0,2442,2456,2442,2442,0
254,2458,0,2442,2456,2442,2442,0
255,2458,0,2442,2456,2442,2442,0
256,2458,0,2442,2456,2442,2442,0
257,2458,0,2442,2456,2442,2442,0
258,2458,0,2442,2456,2442,2442,0
259,2458,0,2442,2456,2442,2442,0
260,2458,0,2442,2456,2442,2442,0
261,2458,0,2442,2456,2442,2442,0
262,2458,0,2442,2456,2442,2442,0
263,2458,0,2442,2456,2442,2442,0
264,2458,0,2442,2456,2442,2442,0
265,2458,0,2442,2456,2442,2442,0
266,2458,0,2442,2456,2442,2442,0
267,2458,0,2442,2456,2442,2442,0
268,2458,0,2442,2456,2442,2442,0
269,2458,0,2442,2456,2442,2442,0
270,2458,0,2442,2456,2442,2442,0
271,2458,0,2442,2456,2442,2442,0
272,2458,0,2442,2456,2442,2442,0
273,2458,0,2442,2456,2442,2442,0
274,2458,0,2442,2456,2442,2442,0
275,2458,0,2442,2456,2442,2442,0
276,2458,0,2442,2456,2442,2442,0
277,2458,0,2442,2456,2442,2442,0
278,2458,0,2442,2456,2442,2442,0
279,2458,0,2442,2456,2442,2442,0
280,2458,0,2442,2456,2442,2442,0
281,2458,0,2442,2456,2442,2442,0
282,2458,0,2442,2456,2442,2442,0
283,2458,0,2442,2456,2442,2442,0
284,2458,0,2442,2456,2442,2442,0
285,2458,0,2442,2456,2442,2442,0
286,2458,0,2442,2456,2442,2442,0
287,2458,0,2442,2456,2442,2442,0
288,2458,0,2442,2456,2442,2442,0
289,2458,0,2442,2456,2442,2442,0
290,2458,0,2442,2456,2442,2442,0
291,2458,0,2442,2456,2442,2442,0
292,2458,0,2442,2456,2442,2442,0
293,2458,0,2442,2456,2442,2442,0
294,2458,0,2442,2456,2442,2442,0
295,2458,0,2442,2456,2442,2442,0
296,2458,0,2442,2456,2442,2442,0
297,2458,0,2442,2456,2442,2442,0
298,2458,0,2442,2456,2442,2442,0
299,2458,0,2442,2456,2442,2442,0
300,2458,614,2442,2456,2402,2442,0
301,2458,614,2402,2495,2367,2445,-10
302,2458,614,2367,2531,2337,2450,-17
303,2458,614,2337,2565,2311,2457,-21
304,2458,614,2311,2597,2289,2465,-23
305,2458,614,2289,2627,2270,2475,-23
306,2458,614,2270,2655,2255,2486,-22
307,2458,614,2255,2680,2242,2498,-21
308,2458,614,2242,2704,2232,2510,-19
309,2458,614,2232,2726,2224,2523,-17
310,2458,614,2224,2747,2218,2537,-15
311,2458,614,2218,2766,2213,2551,-13
312,2458,614,2213,2785,2210,2565,-11
313,2458,614,2210,2802,2208,2579,-9
314,2458,614,2208,2817,2207,2593,-8
315,2458,614,2207,2833,2207,2608,-7
316,2458,614,2207,2848,2208,2623,-6
317,2458,614,2208,2861,2210,2637,-5
318,2458,614,2210,2874,2213,2651,-4
319,2458,614,2213,2885,2216,2665,-3
320,2458,614,2216,2896,2220,2679,-2
321,2458,614,2220,2907,2224,2693,-1
322,2458,614,2224,2917,2229,2707,0
323,2458,614,2229,2926,2234,2720,1
324,2458,614,2234,2934,2239,2733,2
325,2458,614,2239,2943,2244,2746,2
326,2458,614,2244,2950,2250,2758,2
327,2458,614,2250,2957,2256,2770,3
328,2458,614,2256,2963,2262,2782,3
329,2458,614,2262,2969,2268,2793,3
330,2458,614,2268,2974,2274,2804,3
331,2458,614,2274,2980,2280,2815,3
332,2458,614,2280,2985,2285,2825,3
333,2458,614,2285,2990,2290,2835,3
334,2458,614,2290,2996,2296,2845,3
335,2458,614,2296,2999,2301,2854,3
336,2458,614,2301,3004,2306,2863,3
337,2458,614,2306,3008,2311,2872,3
338,2458,614,2311,3012,2316,2880,3
339,2458,614,2316,3015,2321,2888,3
340,2458,614,2321,3019,2326,2896,3
341,2458,614,2326,3021,2331,2903,3
342,2458,614,2331,3024,2336,2910,3
343,2458,614,2336,3026,2340,2917,3
344,2458,614,2340,3030,2344,2924,3
345,2458,614,2344,3032,2348,2930,3
346,2458,614,2348,3034,2352,2936,3
347,2458,614,2352,3037,2356,2942,3
348,2458,614,2356,3039,2360,2948,3
349,2458,614,2360,3041,2364,2953,3
350,2458,614,2364,3042,2368,2958,3
351,2458,614,2368,3043,2371,2963,3
352,2458,614,2371,3046,2374,2968,3
353,2458,614,2374,3048,2377,2973,3
354,2458,614,2377,3049,2380,2977,3
355,2458,614,2380,3051,2383,2981,3
356,2458,614,2383,3052,2386,2985,3
357,2458,614,2386,3053,2389,2989,3
358,2458,614,2389,3055,2392,2993,3
359,2458,614,2392,3055,2395,2996,3
360,2458,614,2395,3055,2398,2999,3
361,2458,614,2398,3055,2400,3002,3
362,2458,614,2400,3057,2402,3005,2
363,2458,614,2402,3058,2404,3008,2
364,2458,614,2404,3059,2406,3011,2
365,2458,614,2406,3060,2408,3014,2
366,2458,614,2408,3060,2410,3016,2
367,2458,614,2410,3061,2412,3018,2
368,2458,614,2412,3061,2414,3020,2
369,2458,614,2414,3061,2416,3022,2
370,2458,614,2416,3061,2418,3024,2
371,2458,614,2418,3061,2419,3026,2
372,2458,614,2419,3063,2420,3028,1
373,2458,614,2420,3064,2421,3030,1
374,2458,614,2421,3065,2422,3032,1
375,2458,614,2422,3066,2423,3034,1
376,2458,614,2423,3067,2424,3036,1
377,2458,614,2424,3068,2425,3038,1
378,2458,614,2425,3068,2426,3039,1
379,2458,614,2426,3068,2427,3040,1
380,2458,614,2427,3068,2428,3041,1
381,2458,614,2428,3068,2429,3042,1
382,2458,614,2429,3069,2430,3043,1
383,2458,614,2430,3069,2431,3044,1
384,2458,614,2431,3069,2432,3045,1
385,2458,614,2432,3069,2433,3046,1
386,2458,614,2433,3069,2434,3047,1
387,2458,614,2434,3069,2435,3048,1
388,2458,614,2435,3069,2436,3049,1
389,2458,614,2436,3069,2437,3050,1
390,2458,614,2437,3069,2438,3051,1
391,2458,614,2438,3069,2439,3052,1
392,2458,614,2439,3070,2440,3053,1
393,2458,614,2440,3070,2441,3054,1
394,2458,614,2441,3070,2441,3055,1
395,2458,614,2441,3071,2442,3056,0
396,2458,614,2442,3070,2442,3056,0
397,2458,614,2442,3070,2442,3056,0
398,2458,614,2442,3070,2442,3056,0
399,2458,614,2442,3070,2442,3056,0
400,2458,614,2442,3070,2442,3056,0
401,2458,614,2442,3070,2442,3056,0
402,2458,614,2442,3070,2442,3056,0
403,2458,614,2442,3070,2442,3056,0
404,2458,614,2442,3070,2442,3056,0
405,2458,614,2442,3070,2442,3056,0
406,2458,614,2442,3070,2442,3056,0
407,2458,614,2442,3070,2442,3056,0
408,2458,614,2442,3070,2442,3056,0
409,2458,614,2442,3070,2442,3056,0
410,2458,614,2442,3070,2442,3056,0
411,2458,614,2442,3070,2442,3056,0
412,2458,614,2442,3070,2442,3056,0
413,2458,614,2442,3070,2442,3056,0
414,2458,614,2442,3070,2442,3056,0
415,2458,614,2442,3070,2442,3056,0
416,2458,614,2442,3070,2442,3056,0
417,2458,614,2442,3070,2442,3056,0
418,2458,614,2442,3070,2442,3056,0
419,2458,614,2442,3070,2442,3056,0
420,2458,614,2442,3070,2442,3056,0
421,2458,614,2442,3070,2442,3056,0
422,2458,614,2442,3070,2442,3056,0
423,2458,614,2442,3070,2442,3056,0
424,2458,614,2442,3070,2442,3056,0
425,2458,614,2442,3070,2442,3056,0
426,2458,614,2442,3070,2442,3056,0
427,2458,614,2442,3070,2442,3056,0
428,2458,614,2442,3070,2442,3056,0
429,2458,614,2442,3070,2442,3056,0
430,2458,614,2442,3070,2442,3056,0
431,2458,614,2442,3070,2442,3056,0
432,2458,614,2442,3070,2442,3056,0
433,2458,614,2442,3070,2442,3056,0
434,2458,614,2442,3070,2442,3056,0
435,2458,614,2442,3070,2442,3056,0
436,2458,614,2442,3070,2442,3056,0
437,2458,614,2442,3070,2442,3056,0
438,2458,614,2442,3070,2442,3056,0
439,2458,614,2442,3070,2442,3056,0
440,2458,614,2442,3070,2442,3056,0
441,2458,614,2442,3070,2442,3056,0
442,2458,614,2442,3070,2442,3056,0
443,2458,614,2442,3070,2442,3056,0
444,2458,614,2442,3070,2442,3056,0
445,2458,614,2442,3070,2442,3056,0
446,2458,614,2442,3070,2442,3056,0
447,2458,614,2442,3070,2442,3056,0
448,2458,614,2442,3070,2442,3056,0
449,2458,614,2442,3070,2442,3056,0
450,2458,614,2442,3070,2442,3056,0
451,2458,614,2442,3070,2442,3056,0
452,2458,614,2442,3070,2442,3056,0
453,2458,614,2442,3070,2442,3056,0
454,2458,614,2442,3070,2442,3056,0
455,2458,614,2442,3070,2442,3056,0
456,2458,614,2442,3070,2442,3056,0
457,2458,614,2442,3070,2442,3056,0
458,2458,614,2442,3070,2442,3056,0
459,2458,614,2442,3070,2442,3056,0
460,2458,614,2442,3070,2442,3056,0
461,2458,614,2442,3070,2442,3056,0
462,2458,614,2442,3070,2442,3056,0
463,2458,614,2442,3070,2442,3056,0
464,2458,614,2442,3070,2442,3056,0
465,2458,614,2442,3070,2442,3056,0
466,2458,614,2442,3070,2442,3056,0
467,2458,614,2442,3070,2442,3056,0
468,2458,614,2442,3070,2442,3056,0
469,2458,614,2442,3070,2442,3056,0
470,2458,614,2442,3070,2442,3056,0
471,2458,614,2442,3070,2442,3056,0
472,2458,614,2442,3070,2442,3056,0
473,2458,614,2442,3070,2442,3056,0
474,2458,614,2442,3070,2442,3056,0
475,2458,614,2442,3070,2442,3056,0
476,2458,614,2442,3070,2442,3056,0
477,2458,614,2442,3070,2442,3056,0
478,2458,614,2442,3070,2442,3056,0
479,2458,614,2442,3070,2442,3056,0
480,2458,614,2442,3070,2442,3056,0
481,2458,614,2442,3070,2442,3056,0
482,2458,614,2442,3070,2442,3056,0
483,2458,614,2442,3070,2442,3056,0
484,2458,614,2442,3070,2442,3056,0
485,2458,614,2442,3070,2442,3056,0
486,2458,614,2442,3070,2442,3056,0
487,2458,614,2442,3070,2442,3056,0
488,2458,614,2442,3070,2442,3056,0
489,2458,614,2442,3070,2442,3056,0
490,2458,614,2442,3070,2442,3056,0
491,2458,614,2442,3070,2442,3056,0
492,2458,614,2442,3070,2442,3056,0
493,2458,614,2442,3070,2442,3056,0
494,2458,614,2442,3070,2442,3056,0
495,2458,614,2442,3070,2442,3056,0
496,2458,614,2442,3070,2442,3056,0
497,2458,614,2442,3070,2442,3056,0
498,2458,614,2442,3070,2442,3056,0
499,2458,614,2442,3070,2442,3056,0
500,2458,0,2442,3070,2482,3056,0
501,2458,0,2482,3032,2517,3054,10
502,2458,0,2517,2996,2548,3050,16
503,2458,0,2548,2963,2575,3044,19
504,2458,0,2575,2930,2598,3036,21
505,2458,0,2598,2901,2617,3027,21
506,2458,0,2617,2873,2633,3017,20
507,2458,0,2633,2848,2647,3006,19
508,2458,0,2647,2823,2658,2994,17
509,2458,0,2658,2802,2667,2982,15
510,2458,0,2667,2780,2674,2969,13
511,2458,0,2674,2761,2679,2956,11
512,2458,0,2679,2743,2683,2942,9
513,2458,0,2683,2725,2685,2928,7
514,2458,0,2685,2709,2686,2914,5
515,2458,0,2686,2694,2686,2900,4
516,2458,0,2686,2680,2685,2886,3
517,2458,0,2685,2667,2683,2872,2
518,2458,0,2683,2655,2681,2858,1
519,2458,0,2681,2643,2678,2844,0
520,2458,0,2678,2632,2674,2830,-1
521,2458,0,2674,2622,2670,2817,-2
522,2458,0,2670,2613,2666,2804,-3
523,2458,0,2666,2603,2661,2791,-4
524,2458,0,2661,2595,2656,2778,-5
525,2458,0,2656,2587,2651,2766,-5
526,2458,0,2651,2580,2646,2754,-5
527,2458,0,2646,2572,2641,2742,-5
528,2458,0,2641,2566,2636,2731,-5
529,2458,0,2636,2559,2630,2720,-5
530,2458,0,2630,2554,2625,2709,-6
531,2458,0,2625,2547,2619,2698,-6
532,2458,0,2619,2543,2614,2688,-6
533,2458,0,2614,2537,2608,2678,-6
534,2458,0,2608,2534,2603,2669,-6
535,2458,0,2603,2529,2598,2660,-6
536,2458,0,2598,2525,2593,2651,-6
537,2458,0,2593,2520,2588,2642,-6
538,2458,0,2588,2517,2583,2634,-6
539,2458,0,2583,2513,2578,2626,-6
540,2458,0,2578,2510,2573,2618,-6
541,2458,0,2573,2507,2568,2611,-6
542,2458,0,2568,2505,2563,2604,-6
543,2458,0,2563,2502,2559,2597,-6
544,2458,0,2559,2499,2555,2590,-6
545,2458,0,2555,2496,2551,2584,-6
546,2458,0,2551,2494,2547,2578,-6
547,2458,0,2547,2491,2543,2572,-6
548,2458,0,2543,2489,2539,2566,-6
549,2458,0,2539,2488,2535,2561,-6
550,2458,0,2535,2486,2531,2556,-6
551,2458,0,2531,2485,2527,2551,-6
552,2458,0,2527,2483,2524,2546,-6
553,2458,0,2524,2482,2521,2542,-6
554,2458,0,2521,2481,2518,2538,-6
555,2458,0,2518,2480,2515,2534,-6
556,2458,0,2515,2478,2512,2530,-6
557,2458,0,2512,2477,2509,2526,-6
558,2458,0,2509,2476,2506,2522,-6
559,2458,0,2506,2475,2503,2519,-6
560,2458,0,2503,2475,2501,2516,-6
561,2458,0,2501,2474,2499,2513,-5
562,2458,0,2499,2473,2497,2510,-5
563,2458,0,2497,2471,2495,2507,-5
564,2458,0,2495,2470,2493,2504,-5
565,2458,0,2493,2469,2491,2501,-5
566,2458,0,2491,2469,2489,2499,-5
567,2458,0,2489,2469,2487,2497,-5
568,2458,0,2487,2468,2485,2495,-5
569,2458,0,2485,2468,2483,2493,-5
570,2458,0,2483,2468,2482,2491,-5
571,2458,0,2482,2467,2481,2489,-4
572,2458,0,2481,2466,2480,2487,-4
573,2458,0,2480,2465,2479,2485,-4
574,2458,0,2479,2464,2478,2483,-4
575,2458,0,2478,2463,2477,2481,-4
576,2458,0,2477,2461,2475,2479,-4
577,2458,0,2475,2461,2474,2477,-4
578,2458,0,2474,2461,2473,2476,-4
579,2458,0,2473,2461,2472,2475,-4
580,2458,0,2472,2461,2471,2474,-4
581,2458,0,2471,2461,2470,2473,-4
582,2458,0,2470,2461,2469,2472,-4
583,2458,0,2469,2461,2468,2471,-4
584,2458,0,2468,2461,2467,2470,-4
585,2458,0,2467,2460,2466,2469,-4
586,2458,0,2466,2460,2465,2468,-4
587,2458,0,2465,2460,2464,2467,-4
588,2458,0,2464,2460,2463,2466,-4
589,2458,0,2463,2460,2462,2465,-4
590,2458,0,2462,2460,2461,2464,-4
591,2458,0,2461,2460,2460,2463,-4
592,2458,0,2460,2460,2460,2462,-4
593,2458,0,2460,2459,2459,2461,-3
594,2458,0,2459,2459,2459,2460,-3
595,2458,0,2459,2458,2458,2459,-3
596,2458,0,2458,2459,2458,2459,-3
597,2458,0,2458,2459,2458,2459,-3
598,2458,0,2458,2459,2458,2459,-3
599,2458,0,2458,2459,2458,2459,-3
600,2458,0,2458,2459,2458,2459,-3
601,2458,0,2458,2459,2458,2459,-3
602,2458,0,2458,2459,2458,2459,-3
603,2458,0,2458,2459,2458,2459,-3
604,2458,0,2458,2459,2458,2459,-3
605,2458,0,2458,2459,2458,2459,-3
606,2458,0,2458,2459,2458,2459,-3
607,2458,0,2458,2459,2458,2459,-3
608,2458,0,2458,2459,2458,2459,-3
609,2458,0,2458,2459,2458,2459,-3
610,2458,0,2458,2459,2458,2459,-3
611,2458,0,2458,2459,2458,2459,-3
612,2458,0,2458,2459,2458,2459,-3
613,2458,0,2458,2459,2458,2459,-3
614,2458,0,2458,2459,2458,2459,-3
615,2458,0,2458,2459,2458,2459,-3
616,2458,0,2458,2459,2458,2459,-3
617,2458,0,2458,2459,2458,2459,-3
618,2458,0,2458,2459,2458,2459,-3
619,2458,0,2458,2459,2458,2459,-3
620,2458,0,2458,2459,2458,2459,-3
621,2458,0,2458,2459,2458,2459,-3
622,2458,0,2458,2459,2458,2459,-3
623,2458,0,2458,2459,2458,2459,-3
624,2458,0,2458,2459,2458,2459,-3
625,2458,0,2458,2459,2458,2459,-3
626,2458,0,2458,2459,2458,2459,-3
627,2458,0,2458,2459,2458,2459,-3
628,2458,0,2458,2459,2458,2459,-3
629,2458,0,2458,2459,2458,2459,-3
630,2458,0,2458,2459,2458,2459,-3
631,2458,0,2458,2459,2458,2459,-3
632,2458,0,2458,2459,2458,2459,-3
633,2458,0,2458,2459,2458,2459,-3
634,2458,0,2458,2459,2458,2459,-3
635,2458,0,2458,2459,2458,2459,-3
636,2458,0,2458,2459,2458,2459,-3
637,2458,0,2458,2459,2458,2459,-3
638,2458,0,2458,2459,2458,2459,-3
639,2458,0,2458,2459,2458,2459,-3
640,2458,0,2458,2459,2458,2459,-3
641,2458,0,2458,2459,2458,2459,-3
642,2458,0,2458,2459,2458,2459,-3
643,2458,0,2458,2459,2458,2459,-3
644,2458,0,2458,2459,2458,2459,-3
645,2458,0,2458,2459,2458,2459,-3
646,2458,0,2458,2459,2458,2459,-3
647,2458,0,2458,2459,2458,2459,-3
648,2458,0,2458,2459,2458,2459,-3
649,2458,0,2458,2459,2458,2459,-3
650,2458,0,2458,2459,2458,2459,-3
651,2458,0,2458,2459,2458,2459,-3
652,2458,0,2458,2459,2458,2459,-3
653,2458,0,2458,2459,2458,2459,-3
654,2458,0,2458,2459,2458,2459,-3
655,2458,0,2458,2459,2458,2459,-3
656,2458,0,2458,2459,2458,2459,-3
657,2458,0,2458,2459,2458,2459,-3
658,2458,0,2458,2459,2458,2459,-3
659,2458,0,2458,2459,2458,2459,-3
660,2458,0,2458,2459,2458,2459,-3
661,2458,0,2458,2459,2458,2459,-3
662,2458,0,2458,2459,2458,2459,-3
663,2458,0,2458,2459,2458,2459,-3
664,2458,0,2458,2459,2458,2459,-3
665,2458,0,2458,2459,2458,2459,-3
666,2458,0,2458,2459,2458,2459,-3
667,2458,0,2458,2459,2458,2459,-3
668,2458,0,2458,2459,2458,2459,-3
669,2458,0,2458,2459,2458,2459,-3
670,2458,0,2458,2459,2458,2459,-3
671,2458,0,2458,2459,2458,2459,-3
672,2458,0,2458,2459,2458,2459,-3
673,2458,0,2458,2459,2458,2459,-3
674,2458,0,2458,2459,2458,2459,-3
675,2458,0,2458,2459,2458,2459,-3
676,2458,0,2458,2459,2458,2459,-3
677,2458,0,2458,2459,2458,2459,-3
678,2458,0,2458,2459,2458,2459,-3
679,2458,0,2458,2459,2458,2459,-3
680,2458,0,2458,2459,2458,2459,-3
681,2458,0,2458,2459,2458,2459,-3
682,2458,0,2458,2459,2458,2459,-3
683,2458,0,2458,2459,2458,2459,-3
684,2458,0,2458,2459,2458,2459,-3
685,2458,0,2458,2459,2458,2459,-3
686,2458,0,2458,2459,2458,2459,-3
687,2458,0,2458,2459,2458,2459,-3
688,2458,0,2458,2459,2458,2459,-3
689,2458,0,2458,2459,2458,2459,-3
690,2458,0,2458,2459,2458,2459,-3
691,2458,0,2458,2459,2458,2459,-3
692,2458,0,2458,2459,2458,2459,-3
693,2458,0,2458,2459,2458,2459,-3
694,2458,0,2458,2459,2458,2459,-3
695,2458,0,2458,2459,2458,2459,-3
696,2458,0,2458,2459,2458,2459,-3
697,2458,0,2458,2459,2458,2459,-3
698,2458,0,2458,2459,2458,2459,-3
699,2458,0,2458,2459,2458,2459,-3
700,1229,0,2458,1278,2380,2385,-3
701,1229,0,2380,1279,2308,2315,-22
702,1229,0,2308,1278,2240,2250,-35
703,1229,0,2240,1279,2177,2189,-44
704,1229,0,2177,1278,2118,2132,-49
705,1229,0,2118,1277,2063,2078,-52
706,1229,0,2063,1276,2011,2027,-53
707,1229,0,2011,1276,1963,1980,-53
708,1229,0,1963,1274,1918,1935,-52
709,1229,0,1918,1272,1875,1893,-51
710,1229,0,1875,1272,1835,1854,-49
711,1229,0,1835,1271,1798,1817,-47
712,1229,0,1798,1269,1763,1782,-45
713,1229,0,1763,1268,1730,1749,-43
714,1229,0,1730,1267,1699,1718,-41
715,1229,0,1699,1266,1670,1689,-39
716,1229,0,1670,1265,1643,1662,-37
717,1229,0,1643,1264,1618,1637,-35
718,1229,0,1618,1262,1594,1613,-33
719,1229,0,1594,1262,1572,1591,-31
720,1229,0,1572,1261,1551,1570,-29
721,1229,0,1551,1260,1532,1550,-27
722,1229,0,1532,1258,1514,1531,-25
723,1229,0,1514,1256,1497,1513,-24
724,1229,0,1497,1254,1481,1496,-23
725,1229,0,1481,1253,1466,1480,-22
726,1229,0,1466,1251,1451,1465,-21
727,1229,0,1451,1251,1437,1451,-20
728,1229,0,1437,1250,1424,1438,-19
729,1229,0,1424,1250,1412,1426,-18
730,1229,0,1412,1250,1401,1415,-17
731,1229,0,1401,1249,1391,1404,-16
732,1229,0,1391,1248,1381,1394,-15
733,1229,0,1381,1247,1372,1384,-14
734,1229,0,1372,1246,1363,1375,-13
735,1229,0,1363,1245,1355,1366,-12
736,1229,0,1355,1244,1347,1358,-11
737,1229,0,1347,1243,1340,1350,-11
738,1229,0,1340,1243,1333,1343,-10
739,1229,0,1333,1242,1327,1336,-10
740,1229,0,1327,1241,1321,1330,-9
741,1229,0,1321,1241,1315,1324,-9
742,1229,0,1315,1240,1310,1318,-9
743,1229,0,1310,1240,1305,1313,-8
744,1229,0,1305,1239,1300,1308,-8
745,1229,0,1300,1239,1296,1303,-8
746,1229,0,1296,1237,1292,1298,-7
747,1229,0,1292,1237,1288,1294,-7
748,1229,0,1288,1236,1284,1290,-7
749,1229,0,1284,1236,1280,1286,-7
750,1229,0,1280,1236,1277,1282,-7
751,1229,0,1277,1235,1274,1279,-6
752,1229,0,1274,1235,1271,1276,-6
753,1229,0,1271,1235,1268,1273,-6
754,1229,0,1268,1234,1265,1270,-6
755,1229,0,1265,1234,1262,1267,-6
756,1229,0,1262,1235,1260,1265,-6
757,1229,0,1260,1235,1258,1263,-5
758,1229,0,1258,1234,1256,1261,-5
759,1229,0,1256,1234,1254,1259,-5
760,1229,0,1254,1234,1252,1257,-5
761,1229,0,1252,1234,1250,1255,-5
762,1229,0,1250,1234,1248,1253,-5
763,1229,0,1248,1233,1247,1251,-5
764,1229,0,1247,1232,1246,1249,-4
765,1229,0,1246,1231,1245,1247,-4
766,1229,0,1245,1231,1244,1246,-4
767,1229,0,1244,1231,1243,1245,-4
768,1229,0,1243,1231,1242,1244,-4
769,1229,0,1242,1231,1241,1243,-4
770,1229,0,1241,1231,1240,1242,-4
771,1229,0,1240,1231,1239,1241,-4
772,1229,0,1239,1231,1238,1240,-4
773,1229,0,1238,1230,1237,1239,-4
774,1229,0,1237,1230,1236,1238,-4
775,1229,0,1236,1230,1235,1237,-4
776,1229,0,1235,1230,1234,1236,-4
777,1229,0,1234,1230,1233,1235,-4
778,1229,0,1233,1230,1232,1234,-4
779,1229,0,1232,1230,1231,1233,-4
780,1229,0,1231,1230,1230,1232,-4
781,1229,0,1230,1230,1230,1231,-4
782,1229,0,1230,1229,1229,1230,-3
783,1229,0,1229,1230,1229,1230,-3
784,1229,0,1229,1230,1229,1230,-3
785,1229,0,1229,1230,1229,1230,-3
786,1229,0,1229,1230,1229,1230,-3
787,1229,0,1229,1230,1229,1230,-3
788,1229,0,1229,1230,1229,1230,-3
789,1229,0,1229,1230,1229,1230,-3
790,1229,0,1229,1230,1229,1230,-3
791,1229,0,1229,1230,1229,1230,-3
792,1229,0,1229,1230,1229,1230,-3
793,1229,0,1229,1230,1229,1230,-3
794,1229,0,1229,1230,1229,1230,-3
795,1229,0,1229,1230,1229,1230,-3
796,1229,0,1229,1230,1229,1230,-3
797,1229,0,1229,1230,1229,1230,-3
798,1229,0,1229,1230,1229,1230,-3
799,1229,0,1229,1230,1229,1230,-3
800,1229,0,1229,1230,1229,1230,-3
801,1229,0,1229,1230,1229,1230,-3
802,1229,0,1229,1230,1229,1230,-3
803,1229,0,1229,1230,1229,1230,-3
804,1229,0,1229,1230,1229,1230,-3
805,1229,0,1229,1230,1229,1230,-3
806,1229,0,1229,1230,1229,1230,-3
807,1229,0,1229,1230,1229,1230,-3
808,1229,0,1229,1230,1229,1230,-3
809,1229,0,1229,1230,1229,1230,-3
810,1229,0,1229,1230,1229,1230,-3
811,1229,0,1229,1230,1229,1230,-3
812,1229,0,1229,1230,1229,1230,-3
813,1229,0,1229,1230,1229,1230,-3
814,1229,0,1229,1230,1229,1230,-3
815,1229,0,1229,1230,1229,1230,-3
816,1229,0,1229,1230,1229,1230,-3
817,1229,0,1229,1230,1229,1230,-3
818,1229,0,1229,1230,1229,1230,-3
819,1229,0,1229,1230,1229,1230,-3
820,1229,0,1229,1230,1229,1230,-3
821,1229,0,1229,1230,1229,1230,-3
822,1229,0,1229,1230,1229,1230,-3
823,1229,0,1229,1230,1229,1230,-3
824,1229,0,1229,1230,1229,1230,-3
825,1229,0,1229,1230,1229,1230,-3
826,1229,0,1229,1230,1229,1230,-3
827,1229,0,1229,1230,1229,1230,-3
828,1229,0,1229,1230,1229,1230,-3
829,1229,0,1229,1230,1229,1230,-3
830,1229,0,1229,1230,1229,1230,-3
831,1229,0,1229,1230,1229,1230,-3
832,1229,0,1229,1230,1229,1230,-3
833,1229,0,1229,1230,1229,1230,-3
834,1229,0,1229,1230,1229,1230,-3
835,1229,0,1229,1230,1229,1230,-3
836,1229,0,1229,1230,1229,1230,-3
837,1229,0,1229,1230,1229,1230,-3
838,1229,0,1229,1230,1229,1230,-3
839,1229,0,1229,1230,1229,1230,-3
840,1229,0,1229,1230,1229,1230,-3
841,1229,0,1229,1230,1229,1230,-3
842,1229,0,1229,1230,1229,1230,-3
843,1229,0,1229,1230,1229,1230,-3
844,1229,0,1229,1230,1229,1230,-3
845,1229,0,1229,1230,1229,1230,-3
846,1229,0,1229,1230,1229,1230,-3
847,1229,0,1229,1230,1229,1230,-3
848,1229,0,1229,1230,1229,1230,-3
849,1229,0,1229,1230,1229,1230,-3
850,1229,0,1229,1230,1229,1230,-3
851,1229,0,1229,1230,1229,1230,-3
852,1229,0,1229,1230,1229,1230,-3
853,1229,0,1229,1230,1229,1230,-3
854,1229,0,1229,1230,1229,1230,-3
855,1229,0,1229,1230,1229,1230,-3
856,1229,0,1229,1230,1229,1230,-3
857,1229,0,1229,1230,1229,1230,-3
858,1229,0,1229,1230,1229,1230,-3
859,1229,0,1229,1230,1229,1230,-3
860,1229,0,1229,1230,1229,1230,-3
861,1229,0,1229,1230,1229,1230,-3
862,1229,0,1229,1230,1229,1230,-3
863,1229,0,1229,1230,1229,1230,-3
864,1229,0,1229,1230,1229,1230,-3
865,1229,0,1229,1230,1229,1230,-3
866,1229,0,1229,1230,1229,1230,-3
867,1229,0,1229,1230,1229,1230,-3
868,1229,0,1229,1230,1229,1230,-3
869,1229,0,1229,1230,1229,1230,-3
870,1229,0,1229,1230,1229,1230,-3
871,1229,0,1229,1230,1229,1230,-3
872,1229,0,1229,1230,1229,1230,-3
873,1229,0,1229,1230,1229,1230,-3
874,1229,0,1229,1230,1229,1230,-3
875,1229,0,1229,1230,1229,1230,-3
876,1229,0,1229,1230,1229,1230,-3
877,1229,0,1229,1230,1229,1230,-3
878,1229,0,1229,1230,1229,1230,-3
879,1229,0,1229,1230,1229,1230,-3
880,1229,0,1229,1230,1229,1230,-3
881,1229,0,1229,1230,1229,1230,-3
882,1229,0,1229,1230,1229,1230,-3
883,1229,0,1229,1230,1229,1230,-3
884,1229,0,1229,1230,1229,1230,-3
885,1229,0,1229,1230,1229,1230,-3
886,1229,0,1229,1230,1229,1230,-3
887,1229,0,1229,1230,1229,1230,-3
888,1229,0,1229,1230,1229,1230,-3
889,1229,0,1229,1230,1229,1230,-3
890,1229,0,1229,1230,1229,1230,-3
891,1229,0,1229,1230,1229,1230,-3
892,1229,0,1229,1230,1229,1230,-3
893,1229,0,1229,1230,1229,1230,-3
894,1229,0,1229,1230,1229,1230,-3
895,1229,0,1229,1230,1229,1230,-3
896,1229,0,1229,1230,1229,1230,-3
897,1229,0,1229,1230,1229,1230,-3
898,1229,0,1229,1230,1229,1230,-3
899,1229,0,1229,1230,1229,1230,-3
900,1229,0,1229,1230,1229,1230,-3
901,1229,0,1229,1230,1229,1230,-3
902,1229,0,1229,1230,1229,1230,-3
903,1229,0,1229,1230,1229,1230,-3
904,1229,0,1229,1230,1229,1230,-3
905,1229,0,1229,1230,1229,1230,-3
906,1229,0,1229,1230,1229,1230,-3
907,1229,0,1229,1230,1229,1230,-3
908,1229,0,1229,1230,1229,1230,-3
909,1229,0,1229,1230,1229,1230,-3
910,1229,0,1229,1230,1229,1230,-3
911,1229,0,1229,1230,1229,1230,-3
912,1229,0,1229,1230,1229,1230,-3
913,1229,0,1229,1230,1229,1230,-3
914,1229,0,1229,1230,1229,1230,-3
915,1229,0,1229,1230,1229,1230,-3
916,1229,0,1229,1230,1229,1230,-3
917,1229,0,1229,1230,1229,1230,-3
918,1229,0,1229,1230,1229,1230,-3
919,1229,0,1229,1230,1229,1230,-3
920,1229,0,1229,1230,1229,1230,-3
921,1229,0,1229,1230,1229,1230,-3
922,1229,0,1229,1230,1229,1230,-3
923,1229,0,1229,1230,1229,1230,-3
924,1229,0,1229,1230,1229,1230,-3
925,1229,0,1229,1230,1229,1230,-3
926,1229,0,1229,1230,1229,1230,-3
927,1229,0,1229,1230,1229,1230,-3
928,1229,0,1229,1230,1229,1230,-3
929,1229,0,1229,1230,1229,1230,-3
930,1229,0,1229,1230,1229,1230,-3
931,1229,0,1229,1230,1229,1230,-3
932,1229,0,1229,1230,1229,1230,-3
933,1229,0,1229,1230,1229,1230,-3
934,1229,0,1229,1230,1229,1230,-3
935,1229,0,1229,1230,1229,1230,-3
936,1229,0,1229,1230,1229,1230,-3
937,1229,0,1229,1230,1229,1230,-3
938,1229,0,1229,1230,1229,1230,-3
939,1229,0,1229,1230,1229,1230,-3
940,1229,0,1229,1230,1229,1230,-3
941,1229,0,1229,1230,1229,1230,-3
942,1229,0,1229,1230,1229,1230,-3
943,1229,0,1229,1230,1229,1230,-3
944,1229,0,1229,1230,1229,1230,-3
945,1229,0,1229,1230,1229,1230,-3
946,1229,0,1229,1230,1229,1230,-3
947,1229,0,1229,1230,1229,1230,-3
948,1229,0,1229,1230,1229,1230,-3
949,1229,0,1229,1230,1229,1230,-3
950,1229,0,1229,1230,1229,1230,-3
951,1229,0,1229,1230,1229,1230,-3
952,1229,0,1229,1230,1229,1230,-3
953,1229,0,1229,1230,1229,1230,-3
954,1229,0,1229,1230,1229,1230,-3
955,1229,0,1229,1230,1229,1230,-3
956,1229,0,1229,1230,1229,1230,-3
957,1229,0,1229,1230,1229,1230,-3
958,1229,0,1229,1230,1229,1230,-3
959,1229,0,1229,1230,1229,1230,-3
960,1229,0,1229,1230,1229,1230,-3
961,1229,0,1229,1230,1229,1230,-3
962,1229,0,1229,1230,1229,1230,-3
963,1229,0,1229,1230,1229,1230,-3
964,1229,0,1229,1230,1229,1230,-3
965,1229,0,1229,1230,1229,1230,-3
966,1229,0,1229,1230,1229,1230,-3
967,1229,0,1229,1230,1229,1230,-3
968,1229,0,1229,1230,1229,1230,-3
969,1229,0,1229,1230,1229,1230,-3
970,1229,0,1229,1230,1229,1230,-3
971,1229,0,1229,1230,1229,1230,-3
972,1229,0,1229,1230,1229,1230,-3
973,1229,0,1229,1230,1229,1230,-3
974,1229,0,1229,1230,1229,1230,-3
975,1229,0,1229,1230,1229,1230,-3
976,1229,0,1229,1230,1229,1230,-3
977,1229,0,1229,1230,1229,1230,-3
978,1229,0,1229,1230,1229,1230,-3
979,1229,0,1229,1230,1229,1230,-3
980,1229,0,1229,1230,1229,1230,-3
981,1229,0,1229,1230,1229,1230,-3
982,1229,0,1229,1230,1229,1230,-3
983,1229,0,1229,1230,1229,1230,-3
984,1229,0,1229,1230,1229,1230,-3
985,1229,0,1229,1230,1229,1230,-3
986,1229,0,1229,1230,1229,1230,-3
987,1229,0,1229,1230,1229,1230,-3
988,1229,0,1229,1230,1229,1230,-3
989,1229,0,1229,1230,1229,1230,-3
990,1229,0,1229,1230,1229,1230,-3
991,1229,0,1229,1230,1229,1230,-3
992,1229,0,1229,1230,1229,1230,-3
993,1229,0,1229,1230,1229,1230,-3
994,1229,0,1229,1230,1229,1230,-3
995,1229,0,1229,1230,1229,1230,-3
996,1229,0,1229,1230,1229,1230,-3
997,1229,0,1229,1230,1229,1230,-3
998,1229,0,1229,1230,1229,1230,-3
999,1229,0,1229,1230,1229,1230,-3
1000,1229,0,1229,1230,1229,1230,-3
1001,1229,0,1229,1230,1229,1230,-3
1002,1229,0,1229,1230,1229,1230,-3
1003,1229,0,1229,1230,1229,1230,-3
1004,1229,0,1229,1230,1229,1230,-3
1005,1229,0,1229,1230,1229,1230,-3
1006,1229,0,1229,1230,1229,1230,-3
1007,1229,0,1229,1230,1229,1230,-3
1008,1229,0,1229,1230,1229,1230,-3
1009,1229,0,1229,1230,1229,1230,-3
1010,1229,0,1229,1230,1229,1230,-3
1011,1229,0,1229,1230,1229,1230,-3
1012,1229,0,1229,1230,1229,1230,-3
1013,1229,0,1229,1230,1229,1230,-3
1014,1229,0,1229,1230,1229,1230,-3
1015,1229,0,1229,1230,1229,1230,-3
1016,1229,0,1229,1230,1229,1230,-3
1017,1229,0,1229,1230,1229,1230,-3
1018,1229,0,1229,1230,1229,1230,-3
1019,1229,0,1229,1230,1229,1230,-3
1020,1229,0,1229,1230,1229,1230,-3
1021,1229,0,1229,1230,1229,1230,-3
1022,1229,0,1229,1230,1229,1230,-3
1023,1229,0,1229,1230,1229,1230,-3
1024,1229,0,1229,1230,1229,1230,-3
1025,1229,0,1229,1230,1229,1230,-3
1026,1229,0,1229,1230,1229,1230,-3
1027,1229,0,1229,1230,1229,1230,-3
1028,1229,0,1229,1230,1229,1230,-3
1029,1229,0,1229,1230,1229,1230,-3
1030,1229,0,1229,1230,1229,1230,-3
1031,1229,0,1229,1230,1229,1230,-3
1032,1229,0,1229,1230,1229,1230,-3
1033,1229,0,1229,1230,1229,1230,-3
1034,1229,0,1229,1230,1229,1230,-3
1035,1229,0,1229,1230,1229,1230,-3
1036,1229,0,1229,1230,1229,1230,-3
1037,1229,0,1229,1230,1229,1230,-3
1038,1229,0,1229,1230,1229,1230,-3
1039,1229,0,1229,1230,1229,1230,-3
1040,1229,0,1229,1230,1229,1230,-3
1041,1229,0,1229,1230,1229,1230,-3
1042,1229,0,1229,1230,1229,1230,-3
1043,1229,0,1229,1230,1229,1230,-3
1044,1229,0,1229,1230,1229,1230,-3
1045,1229,0,1229,1230,1229,1230,-3
1046,1229,0,1229,1230,1229,1230,-3
1047,1229,0,1229,1230,1229,1230,-3
1048,1229,0,1229,1230,1229,1230,-3
1049,1229,0,1229,1230,1229,1230,-3
1050,1229,0,1229,1230,1229,1230,-3
1051,1229,0,1229,1230,1229,1230,-3
1052,1229,0,1229,1230,1229,1230,-3
1053,1229,0,1229,1230,1229,1230,-3
1054,1229,0,1229,1230,1229,1230,-3
1055,1229,0,1229,1230,1229,1230,-3
1056,1229,0,1229,1230,1229,1230,-3
1057,1229,0,1229,1230,1229,1230,-3
1058,1229,0,1229,1230,1229,1230,-3
1059,1229,0,1229,1230,1229,1230,-3
1060,1229,0,1229,1230,1229,1230,-3
1061,1229,0,1229,1230,1229,1230,-3
1062,1229,0,1229,1230,1229,1230,-3
1063,1229,0,1229,1230,1229,1230,-3
1064,1229,0,1229,1230,1229,1230,-3
1065,1229,0,1229,1230,1229,1230,-3
1066,1229,0,1229,1230,1229,1230,-3
1067,1229,0,1229,1230,1229,1230,-3
1068,1229,0,1229,1230,1229,1230,-3
1069,1229,0,1229,1230,1229,1230,-3
1070,1229,0,1229,1230,1229,1230,-3
1071,1229,0,1229,1230,1229,1230,-3
1072,1229,0,1229,1230,1229,1230,-3
1073,1229,0,1229,1230,1229,1230,-3
1074,1229,0,1229,1230,1229,1230,-3
1075,1229,0,1229,1230,1229,1230,-3
1076,1229,0,1229,1230,1229,1230,-3
1077,1229,0,1229,1230,1229,1230,-3
1078,1229,0,1229,1230,1229,1230,-3
1079,1229,0,1229,1230,1229,1230,-3
1080,1229,0,1229,1230,1229,1230,-3
1081,1229,0,1229,1230,1229,1230,-3
1082,1229,0,1229,1230,1229,1230,-3
1083,1229,0,1229,1230,1229,1230,-3
1084,1229,0,1229,1230,1229,1230,-3
1085,1229,0,1229,1230,1229,1230,-3
1086,1229,0,1229,1230,1229,1230,-3
1087,1229,0,1229,1230,1229,1230,-3
1088,1229,0,1229,1230,1229,1230,-3
1089,1229,0,1229,1230,1229,1230,-3
1090,1229,0,1229,1230,1229,1230,-3
1091,1229,0,1229,1230,1229,1230,-3
1092,1229,0,1229,1230,1229,1230,-3
1093,1229,0,1229,1230,1229,1230,-3
1094,1229,0,1229,1230,1229,1230,-3
1095,1229,0,1229,1230,1229,1230,-3
1096,1229,0,1229,1230,1229,1230,-3
1097,1229,0,1229,1230,1229,1230,-3
1098,1229,0,1229,1230,1229,1230,-3
1099,1229,0,1229,1230,1229,1230,-3
1100,1229,0,1229,1230,1229,1230,-3
1101,1229,0,1229,1230,1229,1230,-3
1102,1229,0,1229,1230,1229,1230,-3
1103,1229,0,1229,1230,1229,1230,-3
1104,1229,0,1229,1230,1229,1230,-3
1105,1229,0,1229,1230,1229,1230,-3
1106,1229,0,1229,1230,1229,1230,-3
1107,1229,0,1229,1230,1229,1230,-3
1108,1229,0,1229,1230,1229,1230,-3
1109,1229,0,1229,1230,1229,1230,-3
1110,1229,0,1229,1230,1229,1230,-3
1111,1229,0,1229,1230,1229,1230,-3
1112,1229,0,1229,1230,1229,1230,-3
1113,1229,0,1229,1230,1229,1230,-3
1114,1229,0,1229,1230,1229,1230,-3
1115,1229,0,1229,1230,1229,1230,-3
1116,1229,0,1229,1230,1229,1230,-3
1117,1229,0,1229,1230,1229,1230,-3
1118,1229,0,1229,1230,1229,1230,-3
1119,1229,0,1229,1230,1229,1230,-3
1120,1229,0,1229,1230,1229,1230,-3
1121,1229,0,1229,1230,1229,1230,-3
1122,1229,0,1229,1230,1229,1230,-3
1123,1229,0,1229,1230,1229,1230,-3
1124,1229,0,1229,1230,1229,1230,-3
1125,1229,0,1229,1230,1229,1230,-3
1126,1229,0,1229,1230,1229,1230,-3
1127,1229,0,1229,1230,1229,1230,-3
1128,1229,0,1229,1230,1229,1230,-3
1129,1229,0,1229,1230,1229,1230,-3
1130,1229,0,1229,1230,1229,1230,-3
1131,1229,0,1229,1230,1229,1230,-3
1132,1229,0,1229,1230,1229,1230,-3
1133,1229,0,1229,1230,1229,1230,-3
1134,1229,0,1229,1230,1229,1230,-3
1135,1229,0,1229,1230,1229,1230,-3
1136,1229,0,1229,1230,1229,1230,-3
1137,1229,0,1229,1230,1229,1230,-3
1138,1229,0,1229,1230,1229,1230,-3
1139,1229,0,1229,1230,1229,1230,-3
1140,1229,0,1229,1230,1229,1230,-3
1141,1229,0,1229,1230,1229,1230,-3
1142,1229,0,1229,1230,1229,1230,-3
1143,1229,0,1229,1230,1229,1230,-3
1144,1229,0,1229,1230,1229,1230,-3
1145,1229,0,1229,1230,1229,1230,-3
1146,1229,0,1229,1230,1229,1230,-3
1147,1229,0,1229,1230,1229,1230,-3
1148,1229,0,1229,1230,1229,1230,-3
1149,1229,0,1229,1230,1229,1230,-3
1150,1229,0,1229,1230,1229,1230,-3
1151,1229,0,1229,1230,1229,1230,-3
1152,1229,0,1229,1230,1229,1230,-3
1153,1229,0,1229,1230,1229,1230,-3
1154,1229,0,1229,1230,1229,1230,-3
1155,1229,0,1229,1230,1229,1230,-3
1156,1229,0,1229,1230,1229,1230,-3
1157,1229,0,1229,1230,1229,1230,-3
1158,1229,0,1229,1230,1229,1230,-3
1159,1229,0,1229,1230,1229,1230,-3
1160,1229,0,1229,1230,1229,1230,-3
1161,1229,0,1229,1230,1229,1230,-3
1162,1229,0,1229,1230,1229,1230,-3
1163,1229,0,1229,1230,1229,1230,-3
1164,1229,0,1229,1230,1229,1230,-3
1165,1229,0,1229,1230,1229,1230,-3
1166,1229,0,1229,1230,1229,1230,-3
1167,1229,0,1229,1230,1229,1230,-3
1168,1229,0,1229,1230,1229,1230,-3
1169,1229,0,1229,1230,1229,1230,-3
1170,1229,0,1229,1230,1229,1230,-3
1171,1229,0,1229,1230,1229,1230,-3
1172,1229,0,1229,1230,1229,1230,-3
1173,1229,0,1229,1230,1229,1230,-3
1174,1229,0,1229,1230,1229,1230,-3
1175,1229,0,1229,1230,1229,1230,-3
1176,1229,0,1229,1230,1229,1230,-3
1177,1229,0,1229,1230,1229,1230,-3
1178,1229,0,1229,1230,1229,1230,-3
1179,1229,0,1229,1230,1229,1230,-3
1180,1229,0,1229,1230,1229,1230,-3
1181,1229,0,1229,1230,1229,1230,-3
1182,1229,0,1229,1230,1229,1230,-3
1183,1229,0,1229,1230,1229,1230,-3
1184,1229,0,1229,1230,1229,1230,-3
1185,1229,0,1229,1230,1229,1230,-3
1186,1229,0,1229,1230,1229,1230,-3
1187,1229,0,1229,1230,1229,1230,-3
1188,1229,0,1229,1230,1229,1230,-3
1189,1229,0,1229,1230,1229,1230,-3
1190,1229,0,1229,1230,1229,1230,-3
1191,1229,0,1229,1230,1229,1230,-3
1192,1229,0,1229,1230,1229,1230,-3
1193,1229,0,1229,1230,1229,1230,-3
1194,1229,0,1229,1230,1229,1230,-3
1195,1229,0,1229,1230,1229,1230,-3
1196,1229,0,1229,1230,1229,1230,-3
1197,1229,0,1229,1230,1229,1230,-3
1198,1229,0,1229,1230,1229,1230,-3
1199,1229,0,1229,1230,1229,1230,-3
